subject_id	outcome_glucose
1	115.82996494819622
2	109.80451392002986
3	86.89038820772355
4	99.95056119508969
5	135.61494105238583
6	115.21799039030947
7	93.39243161689713
8	123.73057274445671
9	94.17896215303878
10	89.97397047545098
11	120.93597903892847
12	80.35526064982153
13	71.29333629597465
14	114.11926867090713
15	100.41536397424319
16	101.91048217805734
17	94.57865740859535
18	96.42259948923913
19	93.12835145752935
20	90.610106046184
21	94.27134666446858
22	93.7982314177345
23	87.57124343471897
24	91.82246201002235
25	62.45860717506677
26	110.26963302332753
27	105.85379903474713
28	98.72636751256252
29	103.55986577139615
30	104.10366104707943
